[{"family":"MaterialIcons","fonts":[{"asset":"fonts/MaterialIcons-Regular.otf"}]},{"family":"packages/cupertino_icons/CupertinoIcons","fonts":[{"asset":"packages/cupertino_icons/assets/CupertinoIcons.ttf"}]},{"family":"packages/fluent_ui/FluentIcons","fonts":[{"asset":"packages/fluent_ui/fonts/FluentIcons.ttf"}]},{"family":"packages/fluentui_system_icons/FluentSystemIcons-Regular","fonts":[{"asset":"packages/fluentui_system_icons/fonts/FluentSystemIcons-Regular.ttf"}]},{"family":"packages/fluentui_system_icons/FluentSystemIcons-Filled","fonts":[{"asset":"packages/fluentui_system_icons/fonts/FluentSystemIcons-Filled.ttf"}]}]